{
    "name": "Flight",
    "description": "you have a lot of magic knowledge, so you can fly.",
    "type": "origins:multiple",
    "duration": {
        "type": "origins:resource",
        "min": 0,
        "max": 25,
        "start_value": 25,
        "hud_render": {
            "should_render": true
        }
    },
    "main": {
        "condition": {
            "type": "origins:resource",
            "resource": "*:*_duration",
            "comparison": ">",
            "compare_to": 0
        },
        "type": "origins:creative_flight"
    },
    "count_up": {
        "condition": {
            "inverted": true,
            "type": "origins:creative_flying"
        },
        "type": "origins:action_over_time",
        "interval": 20,
        "entity_action": {
            "type": "origins:change_resource",
            "resource": "*:*_duration",
            "change": 1,
            "operation": "add"
        }
    },
    "count_down": {
        "condition": {
            "type": "origins:creative_flying"
        },
        "type": "origins:action_over_time",
        "interval": 20,
        "entity_action": {
            "type": "origins:change_resource",
            "resource": "*:*_duration",
            "change": -1,
            "operation": "add"
        }
    }
}